﻿pos_x,pos_y,rotation,side,designator,mpn,pack,footprint,value,mount_type
100.5,-148.98,-90.0,top,C1,,,C_0402_1005Metric,100n,smt
101.5,-149.0,-90.0,top,C2,,,C_0402_1005Metric,100n,smt
103.25,-150.25,-90.0,top,C3,,,C_1206_3216Metric,4u7,smt
114.5,-156.0,0.0,top,C4,,,C_1206_3216Metric,4u7,smt
117.5,-159.75,-90.0,top,C5,,,C_1206_3216Metric,4u7,smt
86.0,-155.75,0.0,top,C6,,,C_0402_1005Metric,100n,smt
96.5,-156.0,0.0,top,C7,,,C_0402_1005Metric,100n,smt
103.5,-157.0,90.0,top,D1,,,LED_1206_3216Metric,LED,smt
106.0,-157.0,90.0,top,D2,,,LED_1206_3216Metric,LED,smt
51.8275,-145.205,-90.0,top,J1,,,"TerminalBlock_Phoenix_MKDS-1,5-2-5.08_1x02_P5.08mm_Horizontal",RS485 Output,tht
122.25,-147.75,90.0,top,J2,,,USB_C_Receptacle_GCT_USB4105-xx-A_16P_TopMnt_Horizontal,USB_C_Receptacle_USB2.0_16P,smt
101.13,-143.0,90.0,top,J3,,,PinHeader_1x04_P2.54mm_Vertical,SWD,tht
82.6375,-151.25,180.0,top,Q1,,,SOT-23-3,BSS138,smt
76.0,-149.5,180.0,top,Q2,,,SOT-23-3,BSS138,smt
82.6375,-147.5,180.0,top,Q3,,,SOT-23-3,BSS138,smt
111.25,-159.25,-90.0,top,R1,,,R_0603_1608Metric,10k,smt
85.75,-147.5,90.0,top,R10,,,R_0603_1608Metric,10k,smt
81.25,-144.0,-90.0,top,R11,,,R_0603_1608Metric,10k,smt
63.75,-149.35,90.0,top,R12,,,R_0603_1608Metric,10k,smt
64.5,-151.75,0.0,top,R13,,,R_0603_1608Metric,10k,smt
101.5,-156.25,90.0,top,R14,,,R_0603_1608Metric,240,smt
108.0,-157.5,90.0,top,R15,,,R_0603_1608Metric,240,smt
119.25,-154.0,180.0,top,R16,,,R_0603_1608Metric,5k1,smt
118.75,-141.25,180.0,top,R17,,,R_0603_1608Metric,5k1,smt
81.0,-158.25,0.0,top,R18,,,R_0603_1608Metric,10k,smt
91.25,-158.5,0.0,top,R19,,,R_0603_1608Metric,10k,smt
85.75,-151.25,90.0,top,R2,,,R_0603_1608Metric,10k,smt
80.75,-154.5,90.0,top,R3,,,R_0603_1608Metric,10k,smt
64.5,-143.75,0.0,top,R4,,,R_0603_1608Metric,10k,smt
63.75,-146.175,90.0,top,R5,,,R_0603_1608Metric,10k,smt
79.0,-149.5,90.0,top,R6,,,R_0603_1608Metric,10k,smt
74.8625,-146.0,-90.0,top,R7,,,R_0603_1608Metric,10k,smt
59.0,-147.75,90.0,top,R8,,,R_0603_1608Metric,240,smt
60.75,-147.75,90.0,top,R9,,,R_0603_1608Metric,240,smt
86.0,-160.25,0.0,top,SW1,,,SW_Tactile_SPST_NO_Straight_CK_PTS636Sx25SMTRLFS,Boot 0,smt
96.5,-160.25,0.0,top,SW2,,,SW_Tactile_SPST_NO_Straight_CK_PTS636Sx25SMTRLFS,Reset,smt
114.25,-159.25,0.0,top,U1,,,SOT-23-5,AP2112K-3.3,smt
96.0,-148.5,0.0,top,U2,,,TSSOP-20_4.4x6.5mm_P0.65mm,STM32F042F6Px,smt
68.5,-147.75,180.0,top,U3,,,SOIC-8_3.9x4.9mm_P1.27mm,MAX485E,smt
